-- MOB_SPAWN_POINTS (mobid,mobname,polutils_name,groupid,pos_x,pos_y,pos_z,pos_rot)
-- ------------------------------------------------------------
-- Escha_ZiTah (Zone 288)
-- ------------------------------------------------------------
INSERT INTO `mob_spawn_points` VALUES (17957500,'Rage','Rage',199,498.3563,-0.0165,-496.8427,86);
INSERT INTO `mob_spawn_points` VALUES (17957501,'Pride','Pride',198,69.3468,1.5689,56.9379,86);
INSERT INTO `mob_spawn_points` VALUES (17957502,'Wrath','Wrath',197,-290.1503,-0.0523,489.6764,86);
INSERT INTO `mob_spawn_points` VALUES (17957503,'Wraths_Pup','Wraths_Pup',196,-290.1503,-0.0523,489.6764,86);
INSERT INTO `mob_spawn_points` VALUES (17957504,'Deceit','Deceit',195,8.5587,0.1019,-5.2075,86);
INSERT INTO `mob_spawn_points` VALUES (17957505,'Deceit','Deceit',195,-222.9745,0.3304,-381.1261,86);
INSERT INTO `mob_spawn_points` VALUES (17957506,'Deceit','Deceit',195,-290.1389,0.1294,206.7605,86);

-- ------------------------------------------------------------
-- Escha_RuAun (Zone 289)
-- ------------------------------------------------------------
INSERT INTO `mob_spawn_points` VALUES (17961850,'Envy','Envy',199,-103.8806,-32,-159.1412,86);
INSERT INTO `mob_spawn_points` VALUES (17961851,'Lust','Lust',198,-331.0125,-8,-107.5367,86);
INSERT INTO `mob_spawn_points` VALUES (17961852,'Greed','Greed',197,430.8464,-36,-140.1014,86);
INSERT INTO `mob_spawn_points` VALUES (17961854,'Deceit','Deceit',195,-187.9955,-41.0259,-403.7397,86);
INSERT INTO `mob_spawn_points` VALUES (17961855,'Deceit','Deceit',195,-341.9503,-24.0002,-231.4209,86);
INSERT INTO `mob_spawn_points` VALUES (17961856,'Deceit','Deceit',195,-224.7619,-20.0001,313.5689,86);

-- ------------------------------------------------------------
-- Reisenjima (Zone 291)
-- ------------------------------------------------------------
INSERT INTO `mob_spawn_points` VALUES (17970000,'Gluttony','Gluttony',198,131.1574,-81.1757,348.8067,86);
INSERT INTO `mob_spawn_points` VALUES (17970001,'Fear','Fear',199,54.4282,-93.2464,524.0075,86);
INSERT INTO `mob_spawn_points` VALUES (17970002,'Sloth','Sloth',197,-437.6767,-41.4000,41.6887,86);
INSERT INTO `mob_spawn_points` VALUES (17970003,'Deceit','Deceit',195,-616.9898,-32.6716,-313.1386,86);
INSERT INTO `mob_spawn_points` VALUES (17970004,'Deceit','Deceit',195,-419.8232,-41.4000,104.0153,86);
INSERT INTO `mob_spawn_points` VALUES (17970005,'Deceit','Deceit',195,-260.9930,-82.7192,340.4691,86);
INSERT INTO `mob_spawn_points` VALUES (17970006,'Sin_Eater','Sin_Eater',194,259.9805,-87,82.1235,86);
INSERT INTO `mob_spawn_points` VALUES (17970007,'RageP','RageP',193,259.9805,-87,82.1235,86);
INSERT INTO `mob_spawn_points` VALUES (17970008,'PrideP','PrideP',192,259.9805,-87,82.1235,86);
INSERT INTO `mob_spawn_points` VALUES (17970009,'WrathP','WrathP',191,259.9805,-87,82.1235,86);
INSERT INTO `mob_spawn_points` VALUES (17970010,'EnvyP','EnvyP',190,259.9805,-87,82.1235,86);
INSERT INTO `mob_spawn_points` VALUES (17970011,'LustP','LustP',189,259.9805,-87,82.1235,86);
INSERT INTO `mob_spawn_points` VALUES (17970012,'GreedP','GreedP',188,259.9805,-87,82.1235,86);
INSERT INTO `mob_spawn_points` VALUES (17970013,'GluttonyP','GluttonyP',186,259.9805,-87,82.1235,86);
INSERT INTO `mob_spawn_points` VALUES (17970014,'FearP','FearP',187,259.9805,-87,82.1235,86);
INSERT INTO `mob_spawn_points` VALUES (17970015,'SlothP','SlothP',185,259.9805,-87,82.1235,86);

-- ------------------------------------------------------------
-- Wajaom Woodlands (Zone 51)
-- ------------------------------------------------------------
INSERT INTO `mob_spawn_points` VALUES (16986695,'Cosmic_Egg','Cosmic_Egg',199,610,-23,356,86);
INSERT INTO `mob_spawn_points` VALUES (16986696,'Cosmic_Egg','Cosmic_Egg',199,610,-23,356,86);
INSERT INTO `mob_spawn_points` VALUES (16986697,'Cosmic_Egg','Cosmic_Egg',199,610,-23,356,86);
INSERT INTO `mob_spawn_points` VALUES (16986698,'Cosmic_Egg','Cosmic_Egg',199,610,-23,356,86);
INSERT INTO `mob_spawn_points` VALUES (16986699,'Cosmic_Egg','Cosmic_Egg',199,610,-23,356,86);
INSERT INTO `mob_spawn_points` VALUES (16986700,'Cosmic_Egg','Cosmic_Egg',199,610,-23,356,86);
INSERT INTO `mob_spawn_points` VALUES (16986701,'Cosmic_Egg','Cosmic_Egg',199,610,-23,356,86);
INSERT INTO `mob_spawn_points` VALUES (16986702,'Cosmic_Egg','Cosmic_Egg',199,610,-23,356,86);
INSERT INTO `mob_spawn_points` VALUES (16986703,'Cosmic_Egg','Cosmic_Egg',199,610,-23,356,86);
INSERT INTO `mob_spawn_points` VALUES (16986704,'Cosmic_Egg','Cosmic_Egg',199,610,-23,356,86);
INSERT INTO `mob_spawn_points` VALUES (16986705,'Cosmic_Egg','Cosmic_Egg',199,610,-23,356,86);
INSERT INTO `mob_spawn_points` VALUES (16986706,'Cosmic_Egg','Cosmic_Egg',199,610,-23,356,86);
INSERT INTO `mob_spawn_points` VALUES (16986707,'Diablo','Diablo',198,610,-23,356,86);
INSERT INTO `mob_spawn_points` VALUES (16986708,'Midgardsormr','Midgardsormr',197,610,-23,356,86);
INSERT INTO `mob_spawn_points` VALUES (16986709,'Chaurli','Chaurli',196,610,-23,356,86);
INSERT INTO `mob_spawn_points` VALUES (16986710,'Uni_Satou','Uni_Satou',195,610,-23,356,86);
INSERT INTO `mob_spawn_points` VALUES (16986711,'Jor-El','Jor-El',194,610,-23,356,86);
INSERT INTO `mob_spawn_points` VALUES (16986712,'Audrey_II','Audrey_II',193,610,-23,356,86);
INSERT INTO `mob_spawn_points` VALUES (16986713,'Hans','Hans',192,610,-23,356,86);
INSERT INTO `mob_spawn_points` VALUES (16986714,'Tien_Lung','Tien_Lung',191,610,-23,356,86);
INSERT INTO `mob_spawn_points` VALUES (16986715,'Derflinger','Derflinger',190,610,-23,356,86);
INSERT INTO `mob_spawn_points` VALUES (16986716,'Astaroth','Astaroth',189,610,-23,356,86);


-- MOB_POOLS (poolid,name,packet_name,familyid,modelid,mjob,sjob,cmbskill,cmbdelay,cmbdmgmulti,behavior,aggro,true_detection,links,mobtype,
-- immunity,name_prefix,flag,entityflags,animationsub,hasspellscript,spelllist,namevis,roamflag,skill_list_id,resist_id)
INSERT INTO `mob_pools` VALUES (9990,'Rage','Rage',999,0x00008D0700000000000000000000000000000000,8,4,12,180,100,0,1,1,0,2,0,0,7,135,0,0,4950,0,0,316,9000);
INSERT INTO `mob_pools` VALUES (9991,'Pride','Pride',999,0x0000D30900000000000000000000000000000000,1,2,6,180,100,0,1,1,0,2,0,0,7,135,0,0,4951,0,0,179,9001);
INSERT INTO `mob_pools` VALUES (9992,'Wrath','Wrath',999,0x0000720A00000000000000000000000000000000,8,1,7,160,100,0,1,1,0,2,0,0,7,135,0,0,150,0,0,359,9002);
INSERT INTO `mob_pools` VALUES (9993,'Wraths_Pup','Wraths_Pup',999,0x0000320B00000000000000000000000000000000,4,2,7,275,60,0,1,1,0,2,0,0,0,4953,0,0,0,0,0,263,9003);
INSERT INTO `mob_pools` VALUES (9994,'Envy','Envy',999,0x0000320A00000000000000000000000000000000,5,3,1,180,100,0,1,1,0,2,0,0,7,135,0,0,431,0,0,1010,9004);
INSERT INTO `mob_pools` VALUES (9995,'Lust','Lust',999,0x00008D0800000000000000000000000000000000,8,4,12,180,100,0,1,1,0,2,0,0,7,135,0,0,290,0,0,9005,9005);
INSERT INTO `mob_pools` VALUES (9996,'Greed','Greed',999,0x0000530500000000000000000000000000000000,16,21,8,180,100,0,1,1,0,2,0,0,7,135,0,0,162,0,0,292,9006);
INSERT INTO `mob_pools` VALUES (9997,'Fear','Fear',999,0x00007E0B00000000000000000000000000000000,8,3,4,180,100,0,1,1,0,2,0,0,7,135,0,0,149,0,0,9007,9007);
INSERT INTO `mob_pools` VALUES (9998,'Gluttony','Gluttony',999,0x00001F0C00000000000000000000000000000000,8,19,7,180,110,0,1,1,0,2,0,0,7,135,0,0,432,0,0,252,9008);
INSERT INTO `mob_pools` VALUES (9999,'Sloth','Sloth',999,0x0000C90900000000000000000000000000000000,7,16,6,300,120,0,1,1,0,2,0,0,7,135,0,0,4959,0,0,9009,9009);
INSERT INTO `mob_pools` VALUES (10000,'Deceit','Deceit',999,0x00000B0100000000000000000000000000000000,8,12,10,90,110,0,1,1,0,2,0,0,7,135,0,0,440,0,0,9010,9010);
INSERT INTO `mob_pools` VALUES (10001,'Sin_Eater','Sin_Eater',999,0x00007E0100000000000000000000000000000000,8,4,7,50,90,0,1,1,0,2,0,0,7,135,0,0,4961,0,0,9011,9011);
INSERT INTO `mob_pools` VALUES (10002,'RageP','RageP',999,0x00008D0700000000000000000000000000000000,8,4,12,180,85,0,1,1,0,2,0,0,7,135,0,0,4950,0,0,316,9000);
INSERT INTO `mob_pools` VALUES (10003,'PrideP','PrideP',999,0x0000D30900000000000000000000000000000000,1,2,6,180,85,0,1,1,0,2,0,0,7,135,0,0,4951,0,0,179,9001);
INSERT INTO `mob_pools` VALUES (10004,'WrathP','WrathP',999,0x0000720A00000000000000000000000000000000,8,1,7,160,85,0,1,1,0,2,0,0,7,135,0,0,150,0,0,359,9002);
INSERT INTO `mob_pools` VALUES (10005,'EnvyP','EnvyP',999,0x0000320A00000000000000000000000000000000,5,3,1,180,85,0,1,1,0,2,0,0,7,135,0,0,431,0,0,1010,9004);
INSERT INTO `mob_pools` VALUES (10006,'LustP','LustP',999,0x00008D0800000000000000000000000000000000,8,4,12,180,85,0,1,1,0,2,0,0,7,135,0,0,290,0,0,9005,9005);
INSERT INTO `mob_pools` VALUES (10007,'GreedP','GreedP',999,0x0000530500000000000000000000000000000000,16,21,8,180,85,0,1,1,0,2,0,0,7,135,0,0,162,0,0,292,9006);
INSERT INTO `mob_pools` VALUES (10008,'FearP','FearP',999,0x00007E0B00000000000000000000000000000000,8,3,4,180,85,0,1,1,0,2,0,0,7,135,0,0,149,0,0,9007,9007);
INSERT INTO `mob_pools` VALUES (10009,'GluttonyP','GluttonyP',999,0x00001F0C00000000000000000000000000000000,8,19,7,180,95,0,1,1,0,2,0,0,7,135,0,0,432,0,0,252,9008);
INSERT INTO `mob_pools` VALUES (10010,'SlothP','SlothP',999,0x0000C90900000000000000000000000000000000,7,16,6,300,105,0,1,1,0,2,0,0,7,135,0,0,4959,0,0,9009,9009);
INSERT INTO `mob_pools` VALUES (10011,'Diablo','Diablo',999,0x0000D40600000000000000000000000000000000,2,1,2,20,100,0,1,1,0,2,6,0,7,137,8,0,0,0,0,9012,9012);
INSERT INTO `mob_pools` VALUES (10012,'Midgardsormr','Midgardsormr',999,0x00004F0900000000000000000000000000000000,8,6,2,200,150,0,1,1,0,2,6,0,7,137,0,0,174,0,0,807,9013);
INSERT INTO `mob_pools` VALUES (10013,'Chaurli','Chaurli',999,0x00004E0900000000000000000000000000000000,8,12,10,200,120,0,1,1,0,2,0,0,7,135,0,0,79,0,0,164,9014);
INSERT INTO `mob_pools` VALUES (10014,'Uni_Satou','Uni_Satou',999,0x0000B30800000000000000000000000000000000,8,12,10,90,110,0,1,1,0,2,0,0,7,135,0,0,111,0,0,39,9015);
INSERT INTO `mob_pools` VALUES (10015,'Jor-El','Jor-El',999,0x0000930500000000000000000000000000000000,8,12,10,150,110,0,1,1,0,2,0,0,7,135,0,0,467,0,0,234,9016);
INSERT INTO `mob_pools` VALUES (10016,'Audrey_II','Audrey_II',999,0x0000500900000000000000000000000000000000,8,12,10,150,110,0,1,1,0,2,0,0,7,135,0,0,293,0,0,411,9017);
INSERT INTO `mob_pools` VALUES (10017,'Hans','Hans',999,0x0000260100000000000000000000000000000000,8,12,10,150,150,0,1,1,0,2,0,0,7,135,0,0,150,0,0,54,9018);
INSERT INTO `mob_pools` VALUES (10018,'Tien_Lung','Tien_Lung',999,0x0000EC0700000000000000000000000000000000,8,12,10,200,180,0,1,1,0,2,0,0,7,135,0,0,156,0,0,214,9019);
INSERT INTO `mob_pools` VALUES (10019,'Derflinger','Derflinger',999,0x0000270700000000000000000000000000000000,8,12,10,120,150,0,1,1,0,2,0,0,7,135,0,0,159,0,0,1048,9020);
INSERT INTO `mob_pools` VALUES (10020,'Astaroth','Astaroth',999,0x0000C00600000000000000000000000000000000,8,12,10,90,110,0,1,1,0,2,0,0,7,135,0,0,218,0,0,165,9021);
INSERT INTO `mob_pools` VALUES (10021,'Cosmic_Egg','Cosmic_Egg',999,0x0000700900000000000000000000000000000000,8,12,10,0,10,0,1,1,0,2,0,0,7,135,0,0,4969,0,0,9022,9022);


-- MOB_GROUPS (groupid, poolid, zoneid, name, respawntime, spawntype, dropid, hp, mp, minlevel, maxlevel, allegiance)
INSERT INTO `mob_groups` VALUES (199,9990,288,'Rage',1800,0,4059,61000,50001,124,125,0);
INSERT INTO `mob_groups` VALUES (198,9991,288,'Pride',1800,0,4060,71000,0,124,125,0);
INSERT INTO `mob_groups` VALUES (197,9992,288,'Wrath',1800,0,4061,91000,50000,124,125,0);
INSERT INTO `mob_groups` VALUES (196,9993,288,'Wraths_Pup',1800,128,0,41000,10000,124,125,0);
INSERT INTO `mob_groups` VALUES (199,9994,289,'Envy',1800,0,4062,61000,50001,124,125,0);
INSERT INTO `mob_groups` VALUES (198,9995,289,'Lust',1800,0,4063,91000,50001,124,125,0);
INSERT INTO `mob_groups` VALUES (197,9996,289,'Greed',1800,0,4064,71000,50001,124,125,0);
INSERT INTO `mob_groups` VALUES (199,9997,291,'Fear',1800,0,4065,61000,50001,124,125,0);
INSERT INTO `mob_groups` VALUES (198,9998,291,'Gluttony',1800,0,4066,91000,50001,124,125,0);
INSERT INTO `mob_groups` VALUES (197,9999,291,'Sloth',1800,0,4067,71000,50001,124,125,0);
INSERT INTO `mob_groups` VALUES (195,10000,291,'Deceit',1800,128,4068,80000,50001,124,125,0);
INSERT INTO `mob_groups` VALUES (195,10000,289,'Deceit',1800,128,4068,80000,50001,124,125,0);
INSERT INTO `mob_groups` VALUES (195,10000,288,'Deceit',1800,128,4068,80000,50001,124,125,0);
INSERT INTO `mob_groups` VALUES (194,10001,291,'Sin_Eater',1800,0,4082,500000,99999,129,130,0);
INSERT INTO `mob_groups` VALUES (193,10002,291,'RageP',1800,128,0,40000,50001,124,125,0);
INSERT INTO `mob_groups` VALUES (192,10003,291,'PrideP',1800,128,0,40000,0,124,125,0);
INSERT INTO `mob_groups` VALUES (191,10004,291,'WrathP',1800,128,0,40000,50000,124,125,0);
INSERT INTO `mob_groups` VALUES (190,10005,291,'EnvyP',1800,128,0,40000,50001,124,125,0);
INSERT INTO `mob_groups` VALUES (189,10006,291,'LustP',1800,128,0,40000,50001,124,125,0);
INSERT INTO `mob_groups` VALUES (188,10007,291,'GreedP',1800,128,0,40000,50001,124,125,0);
INSERT INTO `mob_groups` VALUES (187,10008,291,'FearP',1800,128,0,40000,50001,124,125,0);
INSERT INTO `mob_groups` VALUES (186,10009,291,'GluttonyP',1800,128,0,40000,50001,124,125,0);
INSERT INTO `mob_groups` VALUES (185,10010,291,'SlothP',1800,128,0,40000,50001,124,125,0);
INSERT INTO `mob_groups` VALUES (199,10021,51,'Cosmic_Egg',10,128,4083,100,99999,129,130,0);
INSERT INTO `mob_groups` VALUES (198,10011,51,'Diablo',1800,128,4084,300000,99999,129,130,0);
INSERT INTO `mob_groups` VALUES (197,10012,51,'Midgardsormr',1800,128,4085,300000,99999,129,130,0);
INSERT INTO `mob_groups` VALUES (196,10013,51,'Chaurli',1800,128,4086,300000,99999,129,130,0);
INSERT INTO `mob_groups` VALUES (195,10014,51,'Uni_Satou',1800,128,4087,300000,99999,129,130,0);
INSERT INTO `mob_groups` VALUES (194,10015,51,'Jor-El',1800,128,4088,300000,99999,129,130,0);
INSERT INTO `mob_groups` VALUES (193,10016,51,'Audrey_II',1800,128,4089,300000,99999,129,130,0);
INSERT INTO `mob_groups` VALUES (192,10017,51,'Hans',1800,128,4090,300000,99999,129,130,0);
INSERT INTO `mob_groups` VALUES (191,10018,51,'Tien_Lung',1800,128,4091,300000,99999,129,130,0);
INSERT INTO `mob_groups` VALUES (190,10019,51,'Derflinger',1800,128,4092,300000,99999,129,130,0);
INSERT INTO `mob_groups` VALUES (189,10020,51,'Astaroth',1800,128,4093,300000,99999,129,130,0);




-- MOB_POOL_MODS (poolid, modid, value, is_mob_mod)
INSERT INTO `mob_pool_mods` VALUES (9990,288,40,0);
INSERT INTO `mob_pool_mods` VALUES (9990,302,20,0);
INSERT INTO `mob_pool_mods` VALUES (9991,288,60,0);
INSERT INTO `mob_pool_mods` VALUES (9991,23,200,0);
INSERT INTO `mob_pool_mods` VALUES (9991,1,100,0);
INSERT INTO `mob_pool_mods` VALUES (9991,163,1000,0);
INSERT INTO `mob_pool_mods` VALUES (9991,840,10,0);
INSERT INTO `mob_pool_mods` VALUES (9996,368,150,0);
INSERT INTO `mob_pool_mods` VALUES (9996,28,-150,0); 
INSERT INTO `mob_pool_mods` VALUES (9997,368,150,0);
INSERT INTO `mob_pool_mods` VALUES (9997,840,250,0);
INSERT INTO `mob_pool_mods` VALUES (9998,23,300,0);
INSERT INTO `mob_pool_mods` VALUES (9999,25,1000,0);
INSERT INTO `mob_pool_mods` VALUES (9999,23,1000,0);
INSERT INTO `mob_pool_mods` VALUES (9999,160,-2500,0);
INSERT INTO `mob_pool_mods` VALUES (9999,165,100,0);
INSERT INTO `mob_pool_mods` VALUES (9999,370,35,0);
INSERT INTO `mob_pool_mods` VALUES (9999,480,10,0);
INSERT INTO `mob_pool_mods` VALUES (9999,476,10,0);
INSERT INTO `mob_pool_mods` VALUES (9999,475,10,0);
INSERT INTO `mob_pool_mods` VALUES (9999,416,10,0);
INSERT INTO `mob_pool_mods` VALUES (9999,506,500,0);
INSERT INTO `mob_pool_mods` VALUES (9999,507,200,0);
INSERT INTO `mob_pool_mods` VALUES (9999,840,-60,0);
INSERT INTO `mob_pool_mods` VALUES (10010,25,1000,0);
INSERT INTO `mob_pool_mods` VALUES (10010,23,1000,0);
INSERT INTO `mob_pool_mods` VALUES (10010,160,-2500,0);
INSERT INTO `mob_pool_mods` VALUES (10010,165,100,0);
INSERT INTO `mob_pool_mods` VALUES (10010,370,35,0);
INSERT INTO `mob_pool_mods` VALUES (10010,480,10,0);
INSERT INTO `mob_pool_mods` VALUES (10010,476,10,0);
INSERT INTO `mob_pool_mods` VALUES (10010,475,10,0);
INSERT INTO `mob_pool_mods` VALUES (10010,416,10,0);
INSERT INTO `mob_pool_mods` VALUES (10010,506,500,0);
INSERT INTO `mob_pool_mods` VALUES (10010,507,200,0);
INSERT INTO `mob_pool_mods` VALUES (10010,840,-60,0);
INSERT INTO `mob_pool_mods` VALUES (10000,8,-100,0);
INSERT INTO `mob_pool_mods` VALUES (10000,9,-100,0);
INSERT INTO `mob_pool_mods` VALUES (10000,10,-100,0);
INSERT INTO `mob_pool_mods` VALUES (10000,11,-100,0);
INSERT INTO `mob_pool_mods` VALUES (10000,12,-100,0);
INSERT INTO `mob_pool_mods` VALUES (10000,13,-100,0);
INSERT INTO `mob_pool_mods` VALUES (10000,14,-100,0);
INSERT INTO `mob_pool_mods` VALUES (10000,23,-150,0);
INSERT INTO `mob_pool_mods` VALUES (10000,68,-150,0);
INSERT INTO `mob_pool_mods` VALUES (10000,28,-50,0);
INSERT INTO `mob_pool_mods` VALUES (10000,1,-150,0);
INSERT INTO `mob_pool_mods` VALUES (10000,29,-50,0);
INSERT INTO `mob_pool_mods` VALUES (10000,30,-50,0);
INSERT INTO `mob_pool_mods` VALUES (10000,31,-50,0);
INSERT INTO `mob_pool_mods` VALUES (10001,160,-3000,0);
INSERT INTO `mob_pool_mods` VALUES (10001,23,800,0);
INSERT INTO `mob_pool_mods` VALUES (10001,8,400,0);
INSERT INTO `mob_pool_mods` VALUES (10001,9,400,0);
INSERT INTO `mob_pool_mods` VALUES (10001,10,400,0);
INSERT INTO `mob_pool_mods` VALUES (10001,11,400,0);
INSERT INTO `mob_pool_mods` VALUES (10001,12,400,0);
INSERT INTO `mob_pool_mods` VALUES (10001,13,400,0);
INSERT INTO `mob_pool_mods` VALUES (10001,14,400,0);
INSERT INTO `mob_pool_mods` VALUES (10001,68,-200,0);
INSERT INTO `mob_pool_mods` VALUES (10001,1,1000,0);
INSERT INTO `mob_pool_mods` VALUES (10001,29,200,0);
INSERT INTO `mob_pool_mods` VALUES (10011,23,-500,0);



-- MOB_PETS (mob_mobid,pet_offset,job,mobname,petname)
INSERT INTO `mob_pets` VALUES (17957502,1,2,'Wrath','Wraths_Pup');
INSERT INTO `mob_pets` VALUES (17970006,1,5,'Sin_Eater','RageP');
INSERT INTO `mob_pets` VALUES (17970007,1,4,'RageP','PrideP');
INSERT INTO `mob_pets` VALUES (17970008,1,16,'PrideP','WrathP');
INSERT INTO `mob_pets` VALUES (17970009,1,4,'WrathP','EnvyP');
INSERT INTO `mob_pets` VALUES (17970010,1,8,'EnvyP','LustP');
INSERT INTO `mob_pets` VALUES (17970011,1,7,'LustP','GreedP');
INSERT INTO `mob_pets` VALUES (17970012,1,8,'GreedP','GluttonyP');
INSERT INTO `mob_pets` VALUES (17970013,1,1,'GluttonyP','FearP');
INSERT INTO `mob_pets` VALUES (17970014,1,8,'FearP','SlothP');

-- MOB_SPAWN_MODS (mobid,modid,value,is_mob_mod)
INSERT INTO `mob_spawn_mods` VALUES (17957500,1,18000,1); -- min gil 18000
INSERT INTO `mob_spawn_mods` VALUES (17957500,2,30000,1); -- max gil 30000
INSERT INTO `mob_spawn_mods` VALUES (17957501,1,18000,1); -- min gil 18000
INSERT INTO `mob_spawn_mods` VALUES (17957501,2,30000,1); -- max gil 30000
INSERT INTO `mob_spawn_mods` VALUES (17957502,1,18000,1); -- min gil 18000
INSERT INTO `mob_spawn_mods` VALUES (17957502,2,30000,1); -- max gil 30000
INSERT INTO `mob_spawn_mods` VALUES (17957503,1,18000,1); -- min gil 18000
INSERT INTO `mob_spawn_mods` VALUES (17957503,2,30000,1); -- max gil 30000
INSERT INTO `mob_spawn_mods` VALUES (17957504,1,18000,1); -- min gil 18000
INSERT INTO `mob_spawn_mods` VALUES (17957504,2,30000,1); -- max gil 30000
INSERT INTO `mob_spawn_mods` VALUES (17961850,1,18000,1); -- min gil 18000
INSERT INTO `mob_spawn_mods` VALUES (17961850,2,30000,1); -- max gil 30000
INSERT INTO `mob_spawn_mods` VALUES (17961851,1,18000,1); -- min gil 18000
INSERT INTO `mob_spawn_mods` VALUES (17961851,2,30000,1); -- max gil 30000
INSERT INTO `mob_spawn_mods` VALUES (17961852,1,18000,1); -- min gil 18000
INSERT INTO `mob_spawn_mods` VALUES (17961852,2,30000,1); -- max gil 30000
INSERT INTO `mob_spawn_mods` VALUES (17961853,1,18000,1); -- min gil 18000
INSERT INTO `mob_spawn_mods` VALUES (17961853,2,30000,1); -- max gil 30000
INSERT INTO `mob_spawn_mods` VALUES (17970000,1,18000,1); -- min gil 18000
INSERT INTO `mob_spawn_mods` VALUES (17970000,2,30000,1); -- max gil 30000
INSERT INTO `mob_spawn_mods` VALUES (17970001,1,18000,1); -- min gil 18000
INSERT INTO `mob_spawn_mods` VALUES (17970001,2,30000,1); -- max gil 30000
INSERT INTO `mob_spawn_mods` VALUES (17970002,1,18000,1); -- min gil 18000
INSERT INTO `mob_spawn_mods` VALUES (17970002,2,30000,1); -- max gil 30000
INSERT INTO `mob_spawn_mods` VALUES (17970003,1,18000,1); -- min gil 18000
INSERT INTO `mob_spawn_mods` VALUES (17970003,2,30000,1); -- max gil 30000


-- MOB_RESISTANCES (resistid,name,slash_sdt,piece_sdt,h2h_sdt,impact_sdt,fire_sdt,ice_sdt,wind_sdt,earth_sdt,lightning_sdt
-- water_sdt,light_sdt,dark_sdt,fire_res,ice_res,wind_res,earth_res,lightning_res,water_res,light_res,dark_res)
INSERT INTO `mob_resistances` VALUES (9000,'Rage',1,2,2,2,2500,2500,2500,2500,2500,2500,-2500,2500,0,0,0,0,0,0,0,0);
INSERT INTO `mob_resistances` VALUES (9001,'Pride',2,1,2,2,2000,2000,2000,2000,-2000,2000,2000,2000,0,0,0,0,0,0,0,0);
INSERT INTO `mob_resistances` VALUES (9002,'Wrath',2,2,1,2,10000,3000,2000,2000,2000,-2000,2000,2000,0,0,0,0,0,0,0,0);
INSERT INTO `mob_resistances` VALUES (9003,'Wraths_Pup',2,1,2,2,1000,-3000,1000,1000,1000,-2000,1000,1000,0,0,0,0,0,0,0,0);
INSERT INTO `mob_resistances` VALUES (9004,'Envy',2,2,2,1,-2000,2000,2000,2000,10000,2000,2000,2000,0,0,0,0,0,0,0,0);
INSERT INTO `mob_resistances` VALUES (9005,'Lust',1,2,2,2,2000,2000,10000,2000,-2000,2000,2000,2000,0,0,0,0,0,0,0,0);
INSERT INTO `mob_resistances` VALUES (9006,'Greed',2,1,2,2,2000,2000,2000,10000,-2000,2000,2000,6000,0,0,0,0,0,0,0,0);
INSERT INTO `mob_resistances` VALUES (9007,'Fear',2,2,1,2,2000,2000,2000,2000,-2000,2000,1000,4000,0,0,0,0,0,0,0,0);
INSERT INTO `mob_resistances` VALUES (9008,'Gluttony',2,2,2,1,2000,2000,2000,2000,-2000,2000,-2000,10000,0,0,0,0,0,0,0,0);
INSERT INTO `mob_resistances` VALUES (9009,'Sloth',1,2,2,2,2000,2000,2000,2000,-2000,2000,10000,2000,0,0,0,0,0,0,0,0);
INSERT INTO `mob_resistances` VALUES (9010,'Deceit',1,1,1,1,4000,-4000,4000,4000,4000,4000,4000,4000,0,0,0,0,0,0,0,0);
INSERT INTO `mob_resistances` VALUES (9011,'Sin_Eater',2,3,1,2,0,6000,6000,6000,6000,6000,-4000,10000,0,0,0,0,0,0,0,0);
INSERT INTO `mob_resistances` VALUES (9012,'Diablo',2,3,2,1,6000,6000,0,6000,6000,-4000,10000,10000,0,0,0,0,0,0,0,0);
INSERT INTO `mob_resistances` VALUES (9022,'Cosmic_Egg',9,9,9,9,0,0,0,0,0,0,0,0,0,0,0,0,0,0,0,0);
INSERT INTO `mob_resistances` VALUES (9013,'Midgardsormr',9,9,9,9,10000,-6000,6000,6000,6000,-6000,6000,6000,0,0,0,0,0,0,0,0);
INSERT INTO `mob_resistances` VALUES (9014,'Chaurli',6,4,3,4,6000,6000,6000,6000,-6000,10000,6000,6000,0,0,0,0,0,0,0,0);
INSERT INTO `mob_resistances` VALUES (9015,'Uni_Satou',2,4,4,2,6000,6000,6000,6000,6000,6000,10000,-6000,0,0,0,0,0,0,0,0);
INSERT INTO `mob_resistances` VALUES (9016,'Jor-El',4,1,4,6,6000,-4000,6000,6000,6000,6000,-6000,10000,0,0,0,0,0,0,0,0);
INSERT INTO `mob_resistances` VALUES (9017,'Audrey_II',1,4,4,2,-6000,6000,6000,10000,6000,6000,6000,6000,0,0,0,0,0,0,0,0);
INSERT INTO `mob_resistances` VALUES (9018,'Hans',9,9,9,9,2000,-6000,2000,2000,2000,10000,2000,10000,0,0,0,0,0,0,0,0);
INSERT INTO `mob_resistances` VALUES (9019,'Tien_Lung',4,4,1,1,6000,6000,6000,6000,6000,6000,10000,-6000,0,0,0,0,0,0,0,0);
INSERT INTO `mob_resistances` VALUES (9020,'Derflinger',4,4,4,1,6000,-6000,6000,6000,6000,6000,-6000,10000,0,0,0,0,0,0,0,0);
INSERT INTO `mob_resistances` VALUES (9021,'Astaroth',1,4,4,4,10000,10000,-6000,6000,6000,6000,6000,6000,0,0,0,0,0,0,0,0);




-- MOB_FAMILY_SYSTEM (familyid,family,superFamilyID,superfamily,ecosystemID,exosystem,mobradius,speed,
-- hp,mp,str,dex,vit,agi,int,mnd,chr,att,def,acc,eva,element,detects,charmable)
INSERT INTO `mob_family_system` VALUES (999,'Seven_Sins',78,'Supreme_Being',0,'Unclassified',3,100,128,11,6,6,6,6,6,6,6,6,6,6,6,0,3,0);


-- MOB_FAMILY_MODS (familyid,modid,value,is_mob_mod)
INSERT INTO `mob_family_mods` VALUES (999,8,200,0);
INSERT INTO `mob_family_mods` VALUES (999,9,200,0);
INSERT INTO `mob_family_mods` VALUES (999,10,200,0);
INSERT INTO `mob_family_mods` VALUES (999,11,200,0);
INSERT INTO `mob_family_mods` VALUES (999,12,200,0);
INSERT INTO `mob_family_mods` VALUES (999,13,200,0);
INSERT INTO `mob_family_mods` VALUES (999,14,200,0);
INSERT INTO `mob_family_mods` VALUES (999,25,600,0);
INSERT INTO `mob_family_mods` VALUES (999,1,500,0);
INSERT INTO `mob_family_mods` VALUES (999,68,350,0);
INSERT INTO `mob_family_mods` VALUES (999,28,330,0);
INSERT INTO `mob_family_mods` VALUES (999,163,7000,0);
INSERT INTO `mob_family_mods` VALUES (999,29,100,0);
INSERT INTO `mob_family_mods` VALUES (999,30,500,0);
INSERT INTO `mob_family_mods` VALUES (999,31,300,0);
INSERT INTO `mob_family_mods` VALUES (999,23,550,0);
INSERT INTO `mob_family_mods` VALUES (999,166,-40,0);
INSERT INTO `mob_family_mods` VALUES (999,908,30,0);
INSERT INTO `mob_family_mods` VALUES (999,334,60,0);
INSERT INTO `mob_family_mods` VALUES (999,432,35,0);
INSERT INTO `mob_family_mods` VALUES (999,244,800,0);
INSERT INTO `mob_family_mods` VALUES (999,170,75,0);



-- MOB_SKILL_LISTS (skill_list_name,skill_list_id,mob_skill_id)
INSERT INTO `mob_skill_lists` VALUES ('Rage',9000,2412);
INSERT INTO `mob_skill_lists` VALUES ('Pride',9001,2098);
INSERT INTO `mob_skill_lists` VALUES ('Deceit',9010,2580);
INSERT INTO `mob_skill_lists` VALUES ('Deceit',9010,588);
INSERT INTO `mob_skill_lists` VALUES ('Fear',9007,269);
INSERT INTO `mob_skill_lists` VALUES ('Fear',9007,320);
INSERT INTO `mob_skill_lists` VALUES ('Fear',9007,319);
INSERT INTO `mob_skill_lists` VALUES ('Fear',9007,345);
INSERT INTO `mob_skill_lists` VALUES ('Fear',9007,348);
INSERT INTO `mob_skill_lists` VALUES ('Fear',9007,349);
INSERT INTO `mob_skill_lists` VALUES ('Fear',9007,371);
INSERT INTO `mob_skill_lists` VALUES ('Fear',9007,376);
INSERT INTO `mob_skill_lists` VALUES ('Fear',9007,377);
INSERT INTO `mob_skill_lists` VALUES ('Fear',9007,378);
INSERT INTO `mob_skill_lists` VALUES ('Fear',9007,416);
INSERT INTO `mob_skill_lists` VALUES ('Fear',9007,451);
INSERT INTO `mob_skill_lists` VALUES ('Fear',9007,470);
INSERT INTO `mob_skill_lists` VALUES ('Fear',9007,488);
INSERT INTO `mob_skill_lists` VALUES ('Fear',9007,642);
INSERT INTO `mob_skill_lists` VALUES ('Fear',9007,644);
INSERT INTO `mob_skill_lists` VALUES ('Fear',9007,717);
INSERT INTO `mob_skill_lists` VALUES ('Lust',9005,530);
INSERT INTO `mob_skill_lists` VALUES ('Lust',9005,531);
INSERT INTO `mob_skill_lists` VALUES ('Lust',9005,532);
INSERT INTO `mob_skill_lists` VALUES ('Lust',9005,533);
INSERT INTO `mob_skill_lists` VALUES ('Lust',9005,1326);
INSERT INTO `mob_skill_lists` VALUES ('Lust',9005,2638);
INSERT INTO `mob_skill_lists` VALUES ('Sloth',9009,2022);
INSERT INTO `mob_skill_lists` VALUES ('Sloth',9009,2025);
INSERT INTO `mob_skill_lists` VALUES ('Sloth',9009,2026);
INSERT INTO `mob_skill_lists` VALUES ('Sloth',9009,2027);
INSERT INTO `mob_skill_lists` VALUES ('Sloth',9009,2028);
INSERT INTO `mob_skill_lists` VALUES ('Sloth',9009,2031);
INSERT INTO `mob_skill_lists` VALUES ('Sloth',9009,2057);
INSERT INTO `mob_skill_lists` VALUES ('Sin_Eater',9011,319);
INSERT INTO `mob_skill_lists` VALUES ('Sin_Eater',9011,1793);
INSERT INTO `mob_skill_lists` VALUES ('Sin_Eater',9011,2142);
INSERT INTO `mob_skill_lists` VALUES ('Sin_Eater',9011,2146);
INSERT INTO `mob_skill_lists` VALUES ('Sin_Eater',9011,835);
INSERT INTO `mob_skill_lists` VALUES ('Sin_Eater',9011,1533);
INSERT INTO `mob_skill_lists` VALUES ('Sin_Eater',9011,1820);
INSERT INTO `mob_skill_lists` VALUES ('Sin_Eater',9011,1821);
INSERT INTO `mob_skill_lists` VALUES ('Sin_Eater',9011,1822);


-- MOB_SPELL_LISTS (spell_list_name,spell_list_id,spell_id,min_level,max_level)
INSERT INTO `mob_spell_lists` VALUES ('Rage',4950,148,1,255);
INSERT INTO `mob_spell_lists` VALUES ('Rage',4950,176,1,255);
INSERT INTO `mob_spell_lists` VALUES ('Rage',4950,219,1,255);
INSERT INTO `mob_spell_lists` VALUES ('Rage',4950,250,1,255);
INSERT INTO `mob_spell_lists` VALUES ('Rage',4950,357,1,255);
INSERT INTO `mob_spell_lists` VALUES ('Rage',4950,359,1,255);
INSERT INTO `mob_spell_lists` VALUES ('Rage',4950,365,1,255);
INSERT INTO `mob_spell_lists` VALUES ('Rage',4950,496,1,255);
INSERT INTO `mob_spell_lists` VALUES ('Wraths_Pup',4953,218,1,255);
INSERT INTO `mob_spell_lists` VALUES ('Sloth',4959,37,1,255);
INSERT INTO `mob_spell_lists` VALUES ('Sloth',4959,356,1,255);
INSERT INTO `mob_spell_lists` VALUES ('Sloth',4959,357,1,255);
INSERT INTO `mob_spell_lists` VALUES ('Sloth',4959,359,1,255);
INSERT INTO `mob_spell_lists` VALUES ('Sloth',4959,365,1,255);
INSERT INTO `mob_spell_lists` VALUES ('Greed',4956, 177, 1, 255); -- Firaga 4
INSERT INTO `mob_spell_lists` VALUES ('Greed',4956, 182, 1, 255); -- Blizzaga 4
INSERT INTO `mob_spell_lists` VALUES ('Greed',4956, 187, 1, 255); -- Aeroga 4
INSERT INTO `mob_spell_lists` VALUES ('Greed',4956, 192, 1, 255); -- Stonega 4
INSERT INTO `mob_spell_lists` VALUES ('Greed',4956, 197, 1, 255); -- Thundaga 4
INSERT INTO `mob_spell_lists` VALUES ('Greed',4956, 202, 1, 255); -- Waterga 4
INSERT INTO `mob_spell_lists` VALUES ('Greed',4956, 274, 1, 255); -- Sleepga 2
INSERT INTO `mob_spell_lists` VALUES ('Greed',4956, 356, 1, 255); -- Paralyga
INSERT INTO `mob_spell_lists` VALUES ('Greed',4956, 359, 1, 255); -- Silencega 
INSERT INTO `mob_spell_lists` VALUES ('Sin_Eater',4961,738,1,255);
INSERT INTO `mob_spell_lists` VALUES ('Sin_Eater',4961,739,1,255);
INSERT INTO `mob_spell_lists` VALUES ('Sin_Eater',4961,365,1,255);
INSERT INTO `mob_spell_lists` VALUES ('Sin_Eater',4961,197,1,255);
INSERT INTO `mob_spell_lists` VALUES ('Sin_Eater',4961,356,1,255);
INSERT INTO `mob_spell_lists` VALUES ('Sin_Eater',4961,647,1,255);
INSERT INTO `mob_spell_lists` VALUES ('Sin_Eater',4961,359,1,255);
